{
  "questions": [
    {
      "conditions": [
        {
          "jump_to_key": "2a",
          "response": "0"
        },
        {
          "jump_to_key": "3",
          "response": "1"
        },
        {
          "jump_to_key": "3",
          "response": "2"
        }
      ],
      "option_key": "option_2",
      "question_key": "2",
      "question_text": "Have you been diagnosed with covid?",
      "question_type": "TEXT",
      "required": false,
      "screen_type": "Radio"
    },
    {
      "option_key": "option_2a",
      "question_key": "2a",
      "question_text": "When were you diagnosed?",
      "question_type": "DATE",
      "required": false,
      "screen_type": "Date"
    },
    {
      "option_key": "option_3",
      "question_key": "3",
      "question_text": "Do you have any chronic conditions?",
      "question_type": "MULTI",
      "required": false,
      "screen_type": "Checkbox"
    },
    {
      "option_key": "option_4",
      "question_key": "4",
      "question_text": "Do you have other people in your household who might have significantly greater risk of exposure than you do?",
      "question_type": "TEXT",
      "required": false,
      "screen_type": "Radio"
    },
    {
      "conditions": [
        {
          "jump_to_key": "end_caregiver",
          "response": "0"
        }
      ],
      "option_key": "option_5",
      "question_key": "5",
      "question_text": "Do you live in a long-term care facility or nursing home?",
      "question_type": "TEXT",
      "required": false,
      "screen_type": "Radio"
    },
    {
      "conditions": [
        {
          "jump_to_key": "end_distancing",
          "response": "1"
        }
      ],
      "option_key": "option_6",
      "question_key": "6",
      "question_text": "Are you feeling ill?",
      "question_type": "TEXT",
      "required": false,
      "screen_type": "Radio"
    },
    {
      "conditions": [
        {
          "jump_to_key": "end_emergency",
          "response": "0"
        }
      ],
      "option_key": "option_7",
      "question_key": "7",
      "question_text": "Do you have any life-threatening symptoms? Symptoms include, but are not limited to:",
      "question_description": "• Moderate to severe difficulty breathing (unable to speak full sentences)\n• Coughing up blood (more than about 1 teaspoon)\n• Signs of low blood pressure (feeling cold, pale, clammy skin, light-headed, too weak to stand)\n• Gasping for air or cannot talk without catching your breath (extremely difficult breathing), Blue-colored lips or face\n• Severe and constant pain or pressure in the chest\n• Severe and constant dizziness or lightheadedness\n• Acting confused (new or worsening)\n• Unconscious or very difficult to wake up\n• Slurred speech (new or worsening)\n• New seizure or seizures that won’t stop",
      "question_type": "TEXT",
      "required": false,
      "screen_type": "Radio"
    },
    {
      "conditions": [
        {
          "jump_to_key": "end_isolate",
          "response": "0"
        },
        {
          "jump_to_key": "end_isolate",
          "response": "1"
        },
        {
          "jump_to_key": "end_isolate",
          "response": "2"
        },
        {
          "jump_to_key": "end_isolate",
          "response": "3"
        },
        {
          "jump_to_key": "end_isolate",
          "response": "4"
        },
        {
          "jump_to_key": "end_isolate",
          "response": "5"
        },
        {
          "jump_to_key": "end_isolate",
          "response": "6"
        },
        {
          "jump_to_key": "end_distancing",
          "response": "7"
        }
      ],
      "option_key": "option_8",
      "question_key": "8",
      "question_text": "Do you have one or more of the following symptoms?",
      "question_type": "MULTI",
      "required": false,
      "screen_type": "Checkbox"
    },
    {
      "option_key": "option_end",
      "question_key": "end_distancing",
      "question_text": "",
      "question_type": "End",
      "required": false,
      "screen_type": "EndDistancing"
    },
    {
      "option_key": "option_end",
      "question_key": "end_emergency",
      "question_text": "",
      "question_type": "End",
      "required": false,
      "screen_type": "EndEmergency"
    },
    {
      "option_key": "option_end",
      "question_key": "end_caregiver",
      "question_text": "",
      "question_type": "End",
      "required": false,
      "screen_type": "EndCaregiver"
    },
    {
      "option_key": "option_end",
      "question_key": "end_isolate",
      "question_text": "",
      "question_type": "End",
      "required": false,
      "screen_type": "EndIsolate"
    }
  ],
  "options": [
    {
      "key": "option_2",
      "values": [
        {
          "label": "Yes",
          "value": "0"
        },
        {
          "label": "No",
          "value": "1"
        }
      ]
    },
    {
      "key": "option_2",
      "values": [
        {
          "label": "Yes",
          "value": "0"
        },
        {
          "label": "No",
          "value": "1"
        }
      ]
    },
    {
      "key": "option_2",
      "values": [
        {
          "label": "Yes",
          "value": "0"
        },
        {
          "label": "No",
          "value": "1"
        }
      ]
    },
    {
      "key": "option_2a",
      "values": [
        {
          "label": "Select a date",
          "value": "0"
        },
        {
          "label": "Choose not to answer",
          "value": "1"
        }
      ]
    },
    {
      "key": "option_3",
      "values": [
        {
          "label": "Chronic lung disease, moderate to severe asthma, or smoking",
          "value": "0"
        },
        {
          "label": "Serious heart conditions",
          "value": "1"
        },
        {
          "label": "Weakened immune system (cancer treatment, prolonged use of steroids, transplant or HIV/AIDS)",
          "value": "2"
        },
        {
          "label": "Severe obesity (Body Mass Index [BMI] greater than or equal to 40)",
          "value": "3"
        },
        {
          "label": "Underlying conditions (diabetes, renal failure, or liver disease)",
          "value": "4"
        },
        {
          "label": "Other",
          "value": "5"
        },
        {
          "label": "None",
          "value": "6"
        },
        {
          "label": "Choose not to answer",
          "value": "7"
        }
      ]
    },
    {
      "key": "option_4",
      "values": [
        {
          "label": "Yes",
          "value": "0"
        },
        {
          "label": "No",
          "value": "1"
        },
        {
          "label": "Choose not to answer",
          "value": "2"
        }
      ]
    },
    {
      "key": "option_5",
      "values": [
        {
          "label": "Yes",
          "value": "0"
        },
        {
          "label": "No",
          "value": "1"
        },
        {
          "label": "Choose not to answer",
          "value": "2"
        }
      ]
    },
    {
      "key": "option_6",
      "values": [
        {
          "label": "Yes",
          "value": "0"
        },
        {
          "label": "No",
          "value": "1"
        },
        {
          "label": "Not sure",
          "value": "2"
        }
      ]
    },
    {
      "key": "option_7",
      "values": [
        {
          "label": "Yes",
          "value": "0"
        },
        {
          "label": "No",
          "value": "1"
        },
        {
          "label": "Choose not to answer",
          "value": "2"
        }
      ]
    },
    {
      "key": "option_8",
      "values": [
        {
          "label": "Fever or feeling feverish (chills, sweating)",
          "value": "0"
        },
        {
          "label": "Cough",
          "value": "1"
        },
        {
          "label": "Sore throat",
          "value": "2"
        },
        {
          "label": "Muscle aches or body aches",
          "value": "3"
        },
        {
          "label": "Vomiting or diarrhea",
          "value": "4"
        },
        {
          "label": "Change in smell or taste",
          "value": "5"
        },
        {
          "label": "Shortness of breath (mild, chest feels tight when you take a deep breath)",
          "value": "6"
        },
        {
          "label": "None of the above",
          "value": "7"
        }
      ]
    },
    {
      "key": "option_end",
      "values": []
    }
  ],
  "screen_types": [
    "Radio",
    "Checkbox",
    "Date",
    "EndEmergency",
    "EndCaregiver",
    "EndDistancing",
    "EndIsolate"
  ]
}
