{
  "images" : [
    {
      "extent" : "full-screen",
      "filename" : "splash 1242x2688.png",
      "idiom" : "iphone",
      "minimum-system-version" : "12.0",
      "orientation" : "portrait",
      "scale" : "3x",
      "subtype" : "2688h"
    },
    {
      "extent" : "full-screen",
      "idiom" : "iphone",
      "minimum-system-version" : "12.0",
      "orientation" : "landscape",
      "scale" : "3x",
      "subtype" : "2688h"
    },
    {
      "extent" : "full-screen",
      "filename" : "splash 828x1792.png",
      "idiom" : "iphone",
      "minimum-system-version" : "12.0",
      "orientation" : "portrait",
      "scale" : "2x",
      "subtype" : "1792h"
    },
    {
      "extent" : "full-screen",
      "idiom" : "iphone",
      "minimum-system-version" : "12.0",
      "orientation" : "landscape",
      "scale" : "2x",
      "subtype" : "1792h"
    },
    {
      "extent" : "full-screen",
      "filename" : "splash 1125 x2436.png",
      "idiom" : "iphone",
      "minimum-system-version" : "11.0",
      "orientation" : "portrait",
      "scale" : "3x",
      "subtype" : "2436h"
    },
    {
      "extent" : "full-screen",
      "idiom" : "iphone",
      "minimum-system-version" : "11.0",
      "orientation" : "landscape",
      "scale" : "3x",
      "subtype" : "2436h"
    },
    {
      "extent" : "full-screen",
      "filename" : "splash 1242x2208-1.png",
      "idiom" : "iphone",
      "minimum-system-version" : "8.0",
      "orientation" : "portrait",
      "scale" : "3x",
      "subtype" : "736h"
    },
    {
      "extent" : "full-screen",
      "idiom" : "iphone",
      "minimum-system-version" : "8.0",
      "orientation" : "landscape",
      "scale" : "3x",
      "subtype" : "736h"
    },
    {
      "extent" : "full-screen",
      "filename" : "splash 750x1334.png",
      "idiom" : "iphone",
      "minimum-system-version" : "8.0",
      "orientation" : "portrait",
      "scale" : "2x",
      "subtype" : "667h"
    },
    {
      "extent" : "full-screen",
      "filename" : "splash 640x960.png",
      "idiom" : "iphone",
      "minimum-system-version" : "7.0",
      "orientation" : "portrait",
      "scale" : "2x"
    },
    {
      "extent" : "full-screen",
      "filename" : "splash 640x1136.png",
      "idiom" : "iphone",
      "minimum-system-version" : "7.0",
      "orientation" : "portrait",
      "scale" : "2x",
      "subtype" : "retina4"
    },
    {
      "extent" : "full-screen",
      "filename" : "splash 320x480.png",
      "idiom" : "iphone",
      "orientation" : "portrait",
      "scale" : "1x"
    },
    {
      "extent" : "full-screen",
      "filename" : "splash 640x960-1.png",
      "idiom" : "iphone",
      "orientation" : "portrait",
      "scale" : "2x"
    },
    {
      "extent" : "full-screen",
      "filename" : "splash 640x1136-1.png",
      "idiom" : "iphone",
      "orientation" : "portrait",
      "scale" : "2x",
      "subtype" : "retina4"
    }
  ],
  "info" : {
    "author" : "xcode",
    "version" : 1
  }
}
