{
  "project_info": {
    "project_number": "466787798978",
    "firebase_url": "https://safesafe-app.firebaseio.com",
    "project_id": "safesafe-app",
    "storage_bucket": "safesafe-app.appspot.com"
  },
  "client": [
    {
      "client_info": {
        "mobilesdk_app_id": "1:466787798978:android:c66d313d8b28e8dc1a105b",
        "android_client_info": {
          "package_name": "pl.gov.mc.protegosafe"
        }
      },
      "oauth_client": [
        {
          "client_id": "466787798978-adpndmee52fsdvcmef82pbnt37n5t5co.apps.googleusercontent.com",
          "client_type": 1,
          "android_info": {
            "package_name": "pl.gov.mc.protegosafe",
            "certificate_hash": "7af07167fa4c37ff4454114e2aa9d966d2001981"
          }
        },
        {
          "client_id": "466787798978-vm92l8n08ls1s4kf6782r2t4p0qcgcuv.apps.googleusercontent.com",
          "client_type": 1,
          "android_info": {
            "package_name": "pl.gov.mc.protegosafe",
            "certificate_hash": "fb4e14fb8216f33c70893ccb7189676f29245d9c"
          }
        },
        {
          "client_id": "466787798978-s0g0q3i3th0ffhp40cln4gvtes5cb7gc.apps.googleusercontent.com",
          "client_type": 1,
          "android_info": {
            "package_name": "pl.gov.mc.protegosafe",
            "certificate_hash": "0d4e43c8567014cc63d72a1c8809620412768bf9"
          }
        },
        {
          "client_id": "466787798978-25noev6sgqhccru2eb8s2flebhc6r2ta.apps.googleusercontent.com",
          "client_type": 3
        }
      ],
      "api_key": [
        {
          "current_key": "AIzaSyDhQUQDNpxXZ4dOMjZh4GLTtyB62Fi3U8o"
        }
      ],
      "services": {
        "appinvite_service": {
          "other_platform_oauth_client": [
            {
              "client_id": "466787798978-25noev6sgqhccru2eb8s2flebhc6r2ta.apps.googleusercontent.com",
              "client_type": 3
            },
            {
              "client_id": "466787798978-msor17pls0oremdd7m7m1fk7a4jnbqr1.apps.googleusercontent.com",
              "client_type": 2,
              "ios_info": {
                "bundle_id": "pl.gov.mc.protegosafe-staging"
              }
            }
          ]
        }
      }
    }
  ],
  "configuration_version": "1"
}